<?xml version="1.0" encoding="UTF-8" standalone="yes"?>

<addon id="plugin.video.ytMMA" name="MMA" version="1.0.0" provider-name="Tvaddons">
  <requires>
    <import addon="xbmc.python" version="2.1.0"/>
    <import addon="script.module.addon.common" version="2.0.0"/>
    <import addon="plugin.video.youtube" version="5.0.0"/>
  </requires>
  <extension point="xbmc.python.pluginsource" library="default.py">
        <provides>video</provides>
  </extension>
  <extension point="xbmc.addon.metadata">
    <summary lang="en">MMA On YouTube</summary>
    <description lang="en">MMA On YouTube Brought to you From tvaddons.co</description>
    <forum>https://www.tvaddons.co/forums</forum>
    <website>https://www.tvaddons.co</website>
    <source>https://github.com/tvaddonsco/plugin.video.ytMMA</source>
    <platform>all</platform>
  </extension>
</addon>
