<addon id="plugin.audio.binaural"
       name="IMVDb"
       version="2.0.0"
       provider-name="syntax">
    <requires>
        <import addon="xbmc.python" version="2.1.0"/>
        <import addon="script.module.requests" version="1.1.0"/>
        <import addon="script.module.t0mm0.common" version="1.1.0"/>
        <import addon="plugin.video.youtube"/>
    </requires>
    <extension point="xbmc.python.pluginsource"
               	library="default.py">
        <provides>audio</provides>
    </extension>
    <extension point="xbmc.addon.metadata">
        <platform>all</platform>
        <summary>Internet Music Video Database</summary>
        <description>IMVDb is a database of music videos. Please visit www.tvaddons.co for the best unofficial Kodi addons!</description>
        <website>https://imvdb.com/</website>
        <forum>https://www.tvaddons.co/forums</forum>
    </extension>
</addon>