<?xml version="1.0" encoding="UTF-8"?>
<addon id="plugin.video.ustv.catchup" name="USTVcatchup" provider-name="mhancoc7" version="0.1.3">
    <requires>
        <import addon="xbmc.python" version="2.1.0" />
        <import addon="script.module.requests" version="2.12.4" />
    </requires>
    <extension library="main.py" point="xbmc.python.pluginsource">
        <provides>video</provides>
    </extension>
    <extension point="xbmc.addon.metadata">
        <summary>Catchup on tv shows from a variety of US sources!</summary>
        <description>Please visit [COLOR blue]https://www.tvaddons.co[/COLOR] for addon support! Watch freely available full episodes from a variety of US channels! 100% legal!</description>
        <platform>all</platform>
        <forum>https://www.tvaddons.co/forums/</forum>
        <website>https://www.tvaddons.co/</website>
    </extension>
</addon>
