<?xml version="1.0" encoding="UTF-8"?>
<addon id="plugin.video.newsy" name="Newsy" provider-name="mhancoc7" version="0.1.0">
    <requires>
        <import addon="xbmc.python" version="2.1.0" />
        <import addon="script.module.liveresolver"/>
    </requires>
    <extension library="main.py" point="xbmc.python.pluginsource">
        <provides>video</provides>
    </extension>
    <extension point="xbmc.addon.metadata">
        <summary>Newsy</summary>
        <description>Please visit [COLOR blue]https://www.tvaddons.co[/COLOR] for addon support! Newsy is your source for concise, unbiased video news and analysis covering the top stories from around the world.</description>
        <platform>all</platform>
        <forum>https://www.tvaddons.co/forums/</forum>
        <website>https://www.tvaddons.co/</website>
    </extension>
</addon>
